{"count":1,"self":2468.8027647999997,"total":2486.1976655,"children":{"InitializeActuators":{"count":2,"self":0.0030686999999999997,"total":0.0030686999999999997,"children":null},"InitializeSensors":{"count":2,"self":0.0030740999999999997,"total":0.0030740999999999997,"children":null},"AgentSendState":{"count":123829,"self":0.46846,"total":10.1510436,"children":{"CollectObservations":{"count":24766,"self":0.0093055999999999989,"total":0.0093055999999999989,"children":null},"WriteActionMask":{"count":24766,"self":0.042370899999999996,"total":0.042370899999999996,"children":null},"RequestDecision":{"count":24766,"self":9.6309072,"total":9.6309071,"children":null}}},"DecideAction":{"count":123829,"self":6.9087672,"total":6.9087669,"children":null},"AgentAct":{"count":123829,"self":0.32801399999999997,"total":0.32801399999999997,"children":null}},"gauges":{},"metadata":{"timer_format_version":"0.1.0","start_time_seconds":"1784091758","unity_version":"6000.5.3f1","command_line_arguments":"C:\\Program Files\\Unity\\Hub\\Editor\\6000.5.3f1\\Editor\\Unity.exe -projectpath F:\\games\\YandexCamp_Robotics -acceptSoftwareTermsForThisRunOnly -useHub -hubIPC -cloudEnvironment production","communication_protocol_version":"1.5.0","com.unity.ml-agents_version":"4.0.3","scene_name":"SampleScene","end_time_seconds":"1784094245"}}